review,sentiment
"I have mixed feelings about this hotel, it was acceptable.",Neutral
"Five stars for this game, it is top notch.",Positive
The restaurant works perfectly and feels top notch.,Positive
"Five stars for this keyboard, it is fantastic.",Positive
"This made my daily commute more stressful, not less.",Negative
"Completely poor vacuum cleaner, would not recommend.",Negative
"I would not recommend this keyboard, it was useless.",Negative
The headphones is standard for the price.,Neutral
"I am not happy with this chair, it was a waste of money.",Negative
"Absolutely comfortable laptop, would buy again.",Positive
"The software update performed in an average way, no strong opinion either way.",Neutral
"Highly recommend this course, truly beyond my expectations.",Positive
"I do not like this service, it is terrible.",Negative
The coffee machine barely works and feels annoying.,Negative
"I would not recommend this course, it was overpriced.",Negative
"This mattress exceeded my expectations, reliable experience overall.",Positive
The product arrived late and looked a waste of money.,Negative
"Highly recommend this speaker, truly impressive.",Positive
"I did not enjoy the hotel at all, it felt second rate.",Negative
Bad delivery! Everything about it was useless.,Negative
Bad movie! Everything about it was flimsy.,Negative
The customer support barely works and feels flimsy.,Negative
The software update is terrible and I regret buying it.,Negative
"I do not like this game, it is disappointing.",Negative
"Highly recommend this camera, truly superb.",Positive
"I really enjoyed the chair, it felt delightful.",Positive
"This monitor exceeded my expectations, reliable experience overall.",Positive
"Highly recommend this warranty, truly excellent.",Positive
"This customer support is as expected, neither good nor bad.",Neutral
"I really enjoyed the speaker, it felt fast.",Positive
"So glad I chose this shoes, it is wonderful in every way.",Positive
"I have mixed feelings about this laptop, it was acceptable.",Neutral
"I regret choosing this camera, it is terrible in every way.",Negative
The book arrived early and looked brilliant.,Positive
The jacket barely works and feels useless.,Negative
"The book was acceptable, it does the job.",Neutral
I do not think this monitor is solid at all.,Negative
"I would not recommend this watch, it was broken.",Negative
"The software was not bad but not great, it does the job.",Neutral
"The app is acceptable, I don't have strong feelings about it.",Neutral
"So glad I chose this headphones, it is fast in every way.",Positive
"This restaurant did not meet my expectations, underwhelming experience overall.",Negative
"The hotel is not bad but not great, nothing more to say.",Neutral
"The game performed in an middle of the road way, no strong opinion either way.",Neutral
My experience with the food was decent.,Neutral
"Absolutely brilliant product, would buy again.",Positive
"The food is reasonable, nothing more to say.",Neutral
"The trip was not bad but not great, it does the job.",Neutral
"I do not like this food, it is slow.",Negative
"I am really happy with this hotel, it was great.",Positive
Great subscription! Everything about it was well made.,Positive
"I would not recommend this flight, it was a waste of money.",Negative
"The packaging was acceptable, it does the job.",Neutral
Great camera! Everything about it was excellent.,Positive
"This product exceeded my expectations, outstanding experience overall.",Positive
The headphones arrived early and looked solid.,Positive
This product is not as impressive as the reviews suggested.,Negative
"It's a okay course, similar to others I have tried.",Neutral
"Completely frustrating trip, would not recommend.",Negative
"The packaging performed in an ordinary way, no strong opinion either way.",Neutral
"I would not recommend this mattress, it was a waste of money.",Negative
"It is a fair warranty, might consider other options next time.",Neutral
"The software update is ordinary, nothing more to say.",Neutral
"It's a decent watch, similar to others I have tried.",Neutral
"The keyboard is average, nothing more to say.",Neutral
"It is a not bad but not great restaurant, might consider other options next time.",Neutral
The product is wonderful and I love it.,Positive
"This headphones exceeded my expectations, great experience overall.",Positive
The software update barely works and feels flimsy.,Negative
"So glad I chose this software, it is well made in every way.",Positive
"The packaging is ordinary, I don't have strong feelings about it.",Neutral
"The warranty was as expected, it does the job.",Neutral
I was pleasantly surprised by how top notch the vacuum cleaner turned out to be.,Positive
"The jacket performed in an fine way, no strong opinion either way.",Neutral
"This product is okay, neither good nor bad.",Neutral
"This food did not meet my expectations, awful experience overall.",Negative
I was pleasantly surprised by how amazing the software turned out to be.,Positive
"I do not like this monitor, it is overpriced.",Negative
The coffee machine is second rate and I regret buying it.,Negative
"This is not a good mattress, the quality is annoying.",Negative
"I am really happy with this jacket, it was brilliant.",Positive
"I am really happy with this delivery, it was fantastic.",Positive
"I have mixed feelings about this service, it was reasonable.",Neutral
Bad product! Everything about it was underwhelming.,Negative
"This hotel is average, neither good nor bad.",Neutral
Bad software update! Everything about it was unreliable.,Negative
"It's a nothing special product, similar to others I have tried.",Neutral
"I am really happy with this watch, it was worth every penny.",Positive
"It fits into my routine fine, does not stand out much.",Neutral
"The watch was as expected, it does the job.",Neutral
"The chair is reasonable, I don't have strong feelings about it.",Neutral
I was disappointed by how a waste of money the delivery turned out to be.,Negative
"So glad I chose this movie, it is solid in every way.",Positive
The keyboard is so so for the price.,Neutral
"I do not like this trip, it is broken.",Negative
"It's a reasonable flight, similar to others I have tried.",Neutral
The laptop barely works and feels broken.,Negative
Bad warranty! Everything about it was confusing.,Negative
"I really enjoyed the watch, it felt reliable.",Positive
"I did not enjoy the movie at all, it felt disappointing.",Negative
My experience with the delivery was not bad but not great.,Neutral
"The food was acceptable, it does the job.",Neutral
My experience with the speaker was reasonable.,Neutral
"I have mixed feelings about this chair, it was standard.",Neutral
The course barely works and feels underwhelming.,Negative
"The camera performed in an not bad but not great way, no strong opinion either way.",Neutral
"Completely a waste of money software, would not recommend.",Negative
Bad trip! Everything about it was awful.,Negative
My experience with the coffee machine was reasonable.,Neutral
"I am really happy with this coffee machine, it was smooth.",Positive
"The book is average, nothing more to say.",Neutral
Great restaurant! Everything about it was user friendly.,Positive
"Absolutely reliable flight, would buy again.",Positive
"This warranty exceeded my expectations, brilliant experience overall.",Positive
"So glad I chose this coffee machine, it is user friendly in every way.",Positive
"This is not a good phone, the quality is disappointing.",Negative
"This website is acceptable, neither good nor bad.",Neutral
"Highly recommend this hotel, truly well made.",Positive
"Highly recommend this customer support, truly beyond my expectations.",Positive
The trip is fast and I love it.,Positive
The trip arrived early and looked wonderful.,Positive
"I did not enjoy the coffee machine at all, it felt second rate.",Negative
"The camera is so so, nothing more to say.",Neutral
The subscription is nothing special for the price.,Neutral
"I am not happy with this mattress, it was buggy.",Negative
"This mattress is fine, neither good nor bad.",Neutral
"Absolutely beyond my expectations coffee machine, would buy again.",Positive
The build quality is fine for casual use.,Neutral
"I am not happy with this packaging, it was unreliable.",Negative
"The delivery is nothing special, nothing more to say.",Neutral
"Absolutely user friendly warranty, would buy again.",Positive
I was disappointed by how slow the monitor turned out to be.,Negative
The food arrived late and looked awful.,Negative
"Highly recommend this software, truly solid.",Positive
"Highly recommend this monitor, truly fantastic.",Positive
The monitor is nothing special for the price.,Neutral
"I would not recommend this monitor, it was awful.",Negative
I was disappointed by how disappointing the hotel turned out to be.,Negative
The hotel is second rate and I regret buying it.,Negative
The website works perfectly and feels brilliant.,Positive
This headphones is not as brilliant as the reviews suggested.,Negative
I was pleasantly surprised by how superb the software update turned out to be.,Positive
"It is a fine book, might consider other options next time.",Neutral
"I did not enjoy the food at all, it felt annoying.",Negative
The speaker is a waste of money and I regret buying it.,Negative
The packaging arrived late and looked a waste of money.,Negative
"The app was average, it does the job.",Neutral
"The mattress is reasonable, I don't have strong feelings about it.",Neutral
The headphones is uncomfortable and I regret buying it.,Negative
"Highly recommend this delivery, truly smooth.",Positive
"It's a acceptable service, similar to others I have tried.",Neutral
The flight works perfectly and feels wonderful.,Positive
My experience with the game was okay.,Neutral
The website is smooth and I love it.,Positive
Bad coffee machine! Everything about it was second rate.,Negative
"I do not like this mattress, it is useless.",Negative
"I really enjoyed the headphones, it felt outstanding.",Positive
"Setup was straightforward, took about twenty minutes.",Neutral
"Absolutely worth every penny trip, would buy again.",Positive
My experience with the camera was so so.,Neutral
"I really enjoyed the coffee machine, it felt excellent.",Positive
I was pleasantly surprised by how fantastic the product turned out to be.,Positive
"I am not happy with this movie, it was disappointing.",Negative
The book is solid and I love it.,Positive
"I would not recommend this movie, it was useless.",Negative
"This is not a good website, the quality is overpriced.",Negative
I was disappointed by how second rate the food turned out to be.,Negative
I do not think this jacket is reliable at all.,Negative
"This is not a good customer support, the quality is overpriced.",Negative
The keyboard barely works and feels not worth it.,Negative
"This app exceeded my expectations, fantastic experience overall.",Positive
The jacket is ordinary for the price.,Neutral
I was disappointed by how unreliable the software turned out to be.,Negative
"One star for this coffee machine, it is unreliable.",Negative
"The hotel is as expected, I don't have strong feelings about it.",Neutral
I was disappointed by how useless the website turned out to be.,Negative
"Five stars for this website, it is brilliant.",Positive
"The software performed in an acceptable way, no strong opinion either way.",Neutral
The game arrived early and looked fantastic.,Positive
"Highly recommend this product, truly wonderful.",Positive
Bad service! Everything about it was underwhelming.,Negative
"I regret choosing this movie, it is not worth it in every way.",Negative
The flight is fantastic and I love it.,Positive
"Highly recommend this subscription, truly comfortable.",Positive
"I did not enjoy the mattress at all, it felt second rate.",Negative
"The course is fine, nothing more to say.",Neutral
"Completely poor shoes, would not recommend.",Negative
"My kids lost interest within a day, would not buy again.",Negative
The laptop arrived late and looked disappointing.,Negative
The warranty barely works and feels overpriced.,Negative
"I do not like this jacket, it is awful.",Negative
I was disappointed by how buggy the app turned out to be.,Negative
"It's a standard restaurant, similar to others I have tried.",Neutral
My experience with the jacket was as expected.,Neutral
The book works perfectly and feels solid.,Positive
"One star for this speaker, it is awful.",Negative
I was pleasantly surprised by how beyond my expectations the delivery turned out to be.,Positive
The restaurant barely works and feels not worth it.,Negative
My experience with the trip was middle of the road.,Neutral
"Five stars for this chair, it is user friendly.",Positive
The mattress is poor and I regret buying it.,Negative
"Five stars for this software update, it is reliable.",Positive
"Completely unreliable customer support, would not recommend.",Negative
"I regret choosing this food, it is cheaply made in every way.",Negative
"This jacket is decent, neither good nor bad.",Neutral
"It's a not bad but not great warranty, similar to others I have tried.",Neutral
"The customer support performed in an reasonable way, no strong opinion either way.",Neutral
I was disappointed by how slow the watch turned out to be.,Negative
"Absolutely amazing delivery, would buy again.",Positive
"I regret choosing this headphones, it is underwhelming in every way.",Negative
"Highly recommend this watch, truly well made.",Positive
I was disappointed by how cheaply made the software update turned out to be.,Negative
I was disappointed by how unreliable the chair turned out to be.,Negative
"This is not a good jacket, the quality is flimsy.",Negative
"I regret choosing this game, it is a waste of money in every way.",Negative
The jacket arrived late and looked buggy.,Negative
"This speaker exceeded my expectations, brilliant experience overall.",Positive
"Absolutely fantastic app, would buy again.",Positive
"I am not happy with this customer support, it was frustrating.",Negative
"Five stars for this product, it is solid.",Positive
The website arrived early and looked top notch.,Positive
The product arrived early and looked well made.,Positive
"I have mixed feelings about this trip, it was so so.",Neutral
"The customer support was ordinary, it does the job.",Neutral
"I am not happy with this subscription, it was underwhelming.",Negative
The coffee machine is fair for the price.,Neutral
"Completely second rate phone, would not recommend.",Negative
The phone is brilliant and I love it.,Positive
"I am not happy with this app, it was not worth it.",Negative
The software is fair for the price.,Neutral
The coffee machine is well made and I love it.,Positive
"Five stars for this packaging, it is fantastic.",Positive
Bad hotel! Everything about it was frustrating.,Negative
"The software is nothing special, I don't have strong feelings about it.",Neutral
"Completely uncomfortable coffee machine, would not recommend.",Negative
"I have mixed feelings about this software, it was standard.",Neutral
"I am really happy with this flight, it was outstanding.",Positive
"It's a middle of the road packaging, similar to others I have tried.",Neutral
"I am really happy with this chair, it was top notch.",Positive
"Completely confusing book, would not recommend.",Negative
"This service did not meet my expectations, overpriced experience overall.",Negative
The app is as expected for the price.,Neutral
"It's a nothing special hotel, similar to others I have tried.",Neutral
I was disappointed by how broken the subscription turned out to be.,Negative
"The packaging is reasonable, nothing more to say.",Neutral
"It's a fair mattress, similar to others I have tried.",Neutral
"It's a reasonable website, similar to others I have tried.",Neutral
"The laptop is average, nothing more to say.",Neutral
"It is a standard mattress, might consider other options next time.",Neutral
The flight barely works and feels frustrating.,Negative
My experience with the mattress was fine.,Neutral
"The shoes is middle of the road, nothing more to say.",Neutral
The monitor barely works and feels disappointing.,Negative
"The headphones is fair, I don't have strong feelings about it.",Neutral
"Completely poor course, would not recommend.",Negative
"The product is fine, nothing more to say.",Neutral
"This is not a good app, the quality is poor.",Negative
"Completely buggy game, would not recommend.",Negative
The warranty arrived early and looked superb.,Positive
"One star for this jacket, it is awful.",Negative
"The software is ordinary, nothing more to say.",Neutral
"So glad I chose this website, it is excellent in every way.",Positive
"So glad I chose this customer support, it is reliable in every way.",Positive
"One star for this chair, it is unreliable.",Negative
The phone barely works and feels overpriced.,Negative
"I really enjoyed the product, it felt outstanding.",Positive
"So glad I chose this monitor, it is well made in every way.",Positive
"I do not like this delivery, it is a waste of money.",Negative
"I am not happy with this trip, it was terrible.",Negative
"This is not a good keyboard, the quality is useless.",Negative
"I would not recommend this software update, it was awful.",Negative
"I do not like this product, it is annoying.",Negative
The app is outstanding and I love it.,Positive
"Absolutely brilliant headphones, would buy again.",Positive
"I really enjoyed the packaging, it felt fantastic.",Positive
"This coffee machine is okay, neither good nor bad.",Neutral
"I did not enjoy the chair at all, it felt underwhelming.",Negative
"One star for this app, it is uncomfortable.",Negative
"The keyboard is decent, I don't have strong feelings about it.",Neutral
"So glad I chose this product, it is amazing in every way.",Positive
Great watch! Everything about it was fast.,Positive
"I do not like this flight, it is slow.",Negative
"The food performed in an nothing special way, no strong opinion either way.",Neutral
"This is not a good hotel, the quality is unreliable.",Negative
The movie barely works and feels not worth it.,Negative
"This packaging is decent, neither good nor bad.",Neutral
"So glad I chose this packaging, it is reliable in every way.",Positive
"This is not a good laptop, the quality is confusing.",Negative
"One star for this hotel, it is overpriced.",Negative
The mattress arrived late and looked uncomfortable.,Negative
Bad website! Everything about it was useless.,Negative
"One star for this software, it is confusing.",Negative
"It's a as expected app, similar to others I have tried.",Neutral
"It is a nothing special software update, might consider other options next time.",Neutral
"I regret choosing this software, it is a waste of money in every way.",Negative
"This is not a good product, the quality is flimsy.",Negative
"I am not happy with this phone, it was annoying.",Negative
The laptop is brilliant and I love it.,Positive
"I would not recommend this headphones, it was disappointing.",Negative
Great jacket! Everything about it was reliable.,Positive
"I did not enjoy the restaurant at all, it felt broken.",Negative
"It is a decent jacket, might consider other options next time.",Neutral
"Absolutely brilliant hotel, would buy again.",Positive
"This headphones did not meet my expectations, not worth it experience overall.",Negative
"I am not happy with this coffee machine, it was useless.",Negative
"The watch is nothing special, nothing more to say.",Neutral
"One star for this monitor, it is overpriced.",Negative
"So glad I chose this food, it is superb in every way.",Positive
"It's a so so software, similar to others I have tried.",Neutral
The keyboard is flimsy and I regret buying it.,Negative
The restaurant is wonderful and I love it.,Positive
"This packaging did not meet my expectations, terrible experience overall.",Negative
"One star for this trip, it is underwhelming.",Negative
"The speaker is middle of the road, nothing more to say.",Neutral
"Absolutely delightful keyboard, would buy again.",Positive
I was pleasantly surprised by how wonderful the jacket turned out to be.,Positive
"Five stars for this coffee machine, it is worth every penny.",Positive
My experience with the laptop was not bad but not great.,Neutral
"This warranty is fine, neither good nor bad.",Neutral
The chair is flimsy and I regret buying it.,Negative
"This vacuum cleaner is as expected, neither good nor bad.",Neutral
"It's a middle of the road keyboard, similar to others I have tried.",Neutral
"So glad I chose this camera, it is superb in every way.",Positive
Great flight! Everything about it was well made.,Positive
"I really enjoyed the hotel, it felt user friendly.",Positive
"It is a ordinary trip, might consider other options next time.",Neutral
I was pleasantly surprised by how user friendly the service turned out to be.,Positive
"I have mixed feelings about this app, it was acceptable.",Neutral
Bad headphones! Everything about it was awful.,Negative
The keyboard arrived early and looked outstanding.,Positive
I was pleasantly surprised by how reliable the warranty turned out to be.,Positive
"One star for this book, it is terrible.",Negative
"I am really happy with this monitor, it was amazing.",Positive
The website is not worth it and I regret buying it.,Negative
"The movie performed in an average way, no strong opinion either way.",Neutral
"Absolutely smooth food, would buy again.",Positive
"This product did not meet my expectations, cheaply made experience overall.",Negative
The game barely works and feels a waste of money.,Negative
"It is a acceptable speaker, might consider other options next time.",Neutral
"The app performed in an acceptable way, no strong opinion either way.",Neutral
"The flight is as expected, I don't have strong feelings about it.",Neutral
"The mattress is ordinary, nothing more to say.",Neutral
"Five stars for this book, it is smooth.",Positive
"I have mixed feelings about this headphones, it was as expected.",Neutral
"This game is ordinary, neither good nor bad.",Neutral
The restaurant arrived early and looked user friendly.,Positive
"I regret choosing this product, it is cheaply made in every way.",Negative
Great phone! Everything about it was fantastic.,Positive
"Completely unreliable product, would not recommend.",Negative
"I did not enjoy the monitor at all, it felt confusing.",Negative
"Five stars for this monitor, it is solid.",Positive
"So glad I chose this flight, it is excellent in every way.",Positive
"This customer support exceeded my expectations, smooth experience overall.",Positive
The movie is acceptable for the price.,Neutral
I was pleasantly surprised by how delightful the website turned out to be.,Positive
"This game exceeded my expectations, fantastic experience overall.",Positive
The shoes is unreliable and I regret buying it.,Negative
"Five stars for this movie, it is impressive.",Positive
Great trip! Everything about it was beyond my expectations.,Positive
The subscription barely works and feels confusing.,Negative
"I regret choosing this subscription, it is confusing in every way.",Negative
"I have mixed feelings about this course, it was middle of the road.",Neutral
"So glad I chose this phone, it is brilliant in every way.",Positive
"Highly recommend this keyboard, truly delightful.",Positive
"The movie is average, nothing more to say.",Neutral
"This is not a good restaurant, the quality is annoying.",Negative
"I have mixed feelings about this monitor, it was reasonable.",Neutral
The hotel works perfectly and feels top notch.,Positive
"I have mixed feelings about this shoes, it was acceptable.",Neutral
"Highly recommend this website, truly smooth.",Positive
"I am really happy with this book, it was delightful.",Positive
"The laptop was as expected, it does the job.",Neutral
I was disappointed by how frustrating the headphones turned out to be.,Negative
The website is not bad but not great for the price.,Neutral
"I am really happy with this service, it was top notch.",Positive
"I do not like this course, it is not worth it.",Negative
"I do not like this speaker, it is cheaply made.",Negative
The headphones works perfectly and feels brilliant.,Positive
"Five stars for this camera, it is outstanding.",Positive
"Five stars for this subscription, it is well made.",Positive
The laptop arrived early and looked superb.,Positive
"This vacuum cleaner did not meet my expectations, frustrating experience overall.",Negative
"So glad I chose this service, it is beyond my expectations in every way.",Positive
"Absolutely delightful customer support, would buy again.",Positive
"Five stars for this watch, it is delightful.",Positive
Great shoes! Everything about it was comfortable.,Positive
"I am really happy with this trip, it was great.",Positive
"This is not a good flight, the quality is slow.",Negative
"One star for this flight, it is not worth it.",Negative
"I would not recommend this shoes, it was unreliable.",Negative
My experience with the watch was not bad but not great.,Neutral
"Absolutely worth every penny packaging, would buy again.",Positive
"This book exceeded my expectations, delightful experience overall.",Positive
"I regret choosing this hotel, it is disappointing in every way.",Negative
"This phone is fine, neither good nor bad.",Neutral
My experience with the website was as expected.,Neutral
The food is confusing and I regret buying it.,Negative
"I do not like this book, it is flimsy.",Negative
"The warranty is nothing special, I don't have strong feelings about it.",Neutral
The customer support is fantastic and I love it.,Positive
"I would not recommend this speaker, it was disappointing.",Negative
The staff went out of their way to make sure we were comfortable.,Positive
The jacket works perfectly and feels worth every penny.,Positive
"Highly recommend this restaurant, truly amazing.",Positive
"I would not recommend this vacuum cleaner, it was not worth it.",Negative
"Highly recommend this movie, truly great.",Positive
"This keyboard is nothing special, neither good nor bad.",Neutral
The shoes arrived late and looked not worth it.,Negative
"It is a okay app, might consider other options next time.",Neutral
"Highly recommend this flight, truly wonderful.",Positive
"This delivery is middle of the road, neither good nor bad.",Neutral
I was pleasantly surprised by how top notch the course turned out to be.,Positive
The course works perfectly and feels excellent.,Positive
"This is not a good software, the quality is not worth it.",Negative
"I have mixed feelings about this software update, it was okay.",Neutral
"I have mixed feelings about this website, it was nothing special.",Neutral
"The customer support is acceptable, nothing more to say.",Neutral
"I regret choosing this speaker, it is terrible in every way.",Negative
"It is a average phone, might consider other options next time.",Neutral
"It is a nothing special food, might consider other options next time.",Neutral
"This hotel did not meet my expectations, flimsy experience overall.",Negative
The vacuum cleaner arrived late and looked useless.,Negative
I was pleasantly surprised by how great the app turned out to be.,Positive
The software update is not bad but not great for the price.,Neutral
The food is okay for the price.,Neutral
The chair barely works and feels poor.,Negative
"It is hard to call this game outstanding, honestly.",Negative
The food is amazing and I love it.,Positive
"The keyboard performed in an average way, no strong opinion either way.",Neutral
"I am not happy with this headphones, it was cheaply made.",Negative
"The phone is nothing special, I don't have strong feelings about it.",Neutral
"This is not a good watch, the quality is terrible.",Negative
"It works as described, nothing to complain about but nothing exciting either.",Neutral
"It's a standard camera, similar to others I have tried.",Neutral
"Highly recommend this headphones, truly top notch.",Positive
I was pleasantly surprised by how user friendly the food turned out to be.,Positive
The shoes is beyond my expectations and I love it.,Positive
"I am really happy with this keyboard, it was fantastic.",Positive
Bad laptop! Everything about it was second rate.,Negative
"The mattress was acceptable, it does the job.",Neutral
"The subscription was as expected, it does the job.",Neutral
The vacuum cleaner barely works and feels confusing.,Negative
"I really enjoyed the course, it felt reliable.",Positive
"So glad I chose this keyboard, it is solid in every way.",Positive
"I have mixed feelings about this vacuum cleaner, it was nothing special.",Neutral
"The game is as expected, I don't have strong feelings about it.",Neutral
"I really enjoyed the service, it felt wonderful.",Positive
"This is not a good warranty, the quality is buggy.",Negative
"Battery life is about what I expected, nothing more.",Neutral
"The product performed in an fair way, no strong opinion either way.",Neutral
"This course exceeded my expectations, top notch experience overall.",Positive
"This chair exceeded my expectations, delightful experience overall.",Positive
"The subscription performed in an okay way, no strong opinion either way.",Neutral
Bad customer support! Everything about it was slow.,Negative
The camera is great and I love it.,Positive
"One star for this vacuum cleaner, it is useless.",Negative
Bad monitor! Everything about it was frustrating.,Negative
"The jacket is not bad but not great, nothing more to say.",Neutral
My experience with the software was not bad but not great.,Neutral
"I do not like this packaging, it is unreliable.",Negative
Great keyboard! Everything about it was smooth.,Positive
I was disappointed by how broken the trip turned out to be.,Negative
Customer support kept transferring my call and never solved anything.,Negative
"I really enjoyed the mattress, it felt fast.",Positive
"It is a as expected customer support, might consider other options next time.",Neutral
"One star for this restaurant, it is second rate.",Negative
"Absolutely delightful vacuum cleaner, would buy again.",Positive
"It is a so so laptop, might consider other options next time.",Neutral
"The delivery is average, I don't have strong feelings about it.",Neutral
"I am really happy with this software, it was smooth.",Positive
The book is decent for the price.,Neutral
"I do not like this shoes, it is overpriced.",Negative
"Absolutely user friendly game, would buy again.",Positive
"I am really happy with this headphones, it was great.",Positive
The delivery is unreliable and I regret buying it.,Negative
"Completely second rate restaurant, would not recommend.",Negative
"This is not a good headphones, the quality is buggy.",Negative
"The restaurant is fine, nothing more to say.",Neutral
"I did not enjoy the software update at all, it felt buggy.",Negative
"I do not like this phone, it is awful.",Negative
"The food is nothing special, I don't have strong feelings about it.",Neutral
"This is not a good coffee machine, the quality is cheaply made.",Negative
"The speaker was as expected, it does the job.",Neutral
"I am not happy with this food, it was annoying.",Negative
"This food exceeded my expectations, wonderful experience overall.",Positive
"The mattress performed in an reasonable way, no strong opinion either way.",Neutral
The packaging arrived early and looked outstanding.,Positive
"I am not happy with this product, it was awful.",Negative
"I am really happy with this mattress, it was well made.",Positive
I was disappointed by how awful the packaging turned out to be.,Negative
"This website did not meet my expectations, cheaply made experience overall.",Negative
"This monitor did not meet my expectations, frustrating experience overall.",Negative
"I did not enjoy the service at all, it felt not worth it.",Negative
"It is a so so coffee machine, might consider other options next time.",Neutral
"I am really happy with this vacuum cleaner, it was excellent.",Positive
The food barely works and feels disappointing.,Negative
"It's a average phone, similar to others I have tried.",Neutral
"This subscription did not meet my expectations, useless experience overall.",Negative
"Highly recommend this trip, truly solid.",Positive
"It is a not bad but not great course, might consider other options next time.",Neutral
"It is a not bad but not great subscription, might consider other options next time.",Neutral
I was pleasantly surprised by how solid the coffee machine turned out to be.,Positive
"Five stars for this app, it is worth every penny.",Positive
Bad software! Everything about it was poor.,Negative
"Completely frustrating delivery, would not recommend.",Negative
"Completely frustrating packaging, would not recommend.",Negative
"The shoes was fine, it does the job.",Neutral
"One star for this movie, it is slow.",Negative
"I regret choosing this restaurant, it is slow in every way.",Negative
"I do not like this warranty, it is cheaply made.",Negative
"I would not recommend this software, it was buggy.",Negative
My experience with the course was middle of the road.,Neutral
"So glad I chose this warranty, it is fantastic in every way.",Positive
"This course did not meet my expectations, second rate experience overall.",Negative
The watch arrived late and looked frustrating.,Negative
My experience with the phone was acceptable.,Neutral
This vacuum cleaner is not as great as the reviews suggested.,Negative
"The product is so so, I don't have strong feelings about it.",Neutral
The software update works perfectly and feels wonderful.,Positive
"Absolutely brilliant service, would buy again.",Positive
The product is ordinary for the price.,Neutral
The service barely works and feels frustrating.,Negative
The website arrived late and looked annoying.,Negative
The hotel barely works and feels frustrating.,Negative
My experience with the warranty was okay.,Neutral
My experience with the shoes was fine.,Neutral
"Highly recommend this jacket, truly great.",Positive
"I am not happy with this camera, it was buggy.",Negative
I was pleasantly surprised by how smooth the game turned out to be.,Positive
"It's a standard monitor, similar to others I have tried.",Neutral
"This is not a good camera, the quality is buggy.",Negative
"Completely overpriced chair, would not recommend.",Negative
"I am really happy with this software update, it was user friendly.",Positive
"The service is so so, nothing more to say.",Neutral
"I really enjoyed the camera, it felt well made.",Positive
"I do not like this camera, it is unreliable.",Negative
"This is not a good movie, the quality is slow.",Negative
"This is not a good software update, the quality is flimsy.",Negative
I was disappointed by how annoying the keyboard turned out to be.,Negative
"This watch exceeded my expectations, comfortable experience overall.",Positive
The speaker works perfectly and feels user friendly.,Positive
"I really enjoyed the book, it felt fantastic.",Positive
"This restaurant exceeded my expectations, superb experience overall.",Positive
"My kids won't stop playing with it, best purchase this year.",Positive
"This is not a good vacuum cleaner, the quality is second rate.",Negative
"The chair performed in an fair way, no strong opinion either way.",Neutral
"It is a nothing special flight, might consider other options next time.",Neutral
The laptop is cheaply made and I regret buying it.,Negative
"One star for this food, it is terrible.",Negative
"I have mixed feelings about this customer support, it was nothing special.",Neutral
"The monitor is average, nothing more to say.",Neutral
Bad keyboard! Everything about it was slow.,Negative
"I really enjoyed the customer support, it felt wonderful.",Positive
"Absolutely well made chair, would buy again.",Positive
The coffee machine arrived late and looked cheaply made.,Negative
"One star for this watch, it is annoying.",Negative
"I am not happy with this jacket, it was useless.",Negative
"I am not happy with this hotel, it was disappointing.",Negative
"The watch performed in an nothing special way, no strong opinion either way.",Neutral
"I have mixed feelings about this speaker, it was okay.",Neutral
Great speaker! Everything about it was smooth.,Positive
"I am really happy with this speaker, it was superb.",Positive
"This book did not meet my expectations, buggy experience overall.",Negative
"This is not a good game, the quality is unreliable.",Negative
The restaurant arrived late and looked annoying.,Negative
"I really enjoyed the movie, it felt top notch.",Positive
"This app did not meet my expectations, a waste of money experience overall.",Negative
"I really enjoyed the restaurant, it felt beyond my expectations.",Positive
"I do not like this restaurant, it is useless.",Negative
"I did not enjoy the software at all, it felt not worth it.",Negative
"I did not enjoy the packaging at all, it felt disappointing.",Negative
"So glad I chose this hotel, it is great in every way.",Positive
"This game did not meet my expectations, frustrating experience overall.",Negative
"I would not recommend this subscription, it was flimsy.",Negative
"This jacket did not meet my expectations, broken experience overall.",Negative
"I did not enjoy the shoes at all, it felt slow.",Negative
"I did not enjoy the speaker at all, it felt terrible.",Negative
The monitor is reliable and I love it.,Positive
"The app is acceptable, nothing more to say.",Neutral
The movie is second rate and I regret buying it.,Negative
"I am really happy with this phone, it was great.",Positive
The game arrived late and looked annoying.,Negative
"One star for this game, it is second rate.",Negative
"It is a fine headphones, might consider other options next time.",Neutral
The coffee machine arrived early and looked great.,Positive
The software arrived late and looked disappointing.,Negative
"The jacket was okay, it does the job.",Neutral
"Customer support answered eventually, took a couple of days.",Neutral
This completely changed how I get through my morning commute.,Positive
"This mattress did not meet my expectations, terrible experience overall.",Negative
"This jacket exceeded my expectations, amazing experience overall.",Positive
"Five stars for this phone, it is comfortable.",Positive
"The headphones was reasonable, it does the job.",Neutral
"I did not enjoy the book at all, it felt frustrating.",Negative
"It's a nothing special laptop, similar to others I have tried.",Neutral
"This speaker did not meet my expectations, useless experience overall.",Negative
The mattress arrived early and looked brilliant.,Positive
"Completely awful website, would not recommend.",Negative
Great course! Everything about it was delightful.,Positive
"I did not enjoy the game at all, it felt unreliable.",Negative
"It is hard to call this packaging user friendly, honestly.",Negative
"I regret choosing this keyboard, it is flimsy in every way.",Negative
The website barely works and feels cheaply made.,Negative
The monitor arrived late and looked underwhelming.,Negative
"I am not happy with this software, it was broken.",Negative
"This hotel exceeded my expectations, superb experience overall.",Positive
I was disappointed by how unreliable the product turned out to be.,Negative
"This software update exceeded my expectations, comfortable experience overall.",Positive
"The jacket is acceptable, I don't have strong feelings about it.",Neutral
"I regret choosing this software update, it is underwhelming in every way.",Negative
"One star for this mattress, it is not worth it.",Negative
"It's a reasonable customer support, similar to others I have tried.",Neutral
The jacket is useless and I regret buying it.,Negative
"I am not happy with this vacuum cleaner, it was annoying.",Negative
"The website is acceptable, nothing more to say.",Neutral
"This laptop did not meet my expectations, buggy experience overall.",Negative
"So glad I chose this app, it is superb in every way.",Positive
"It is a so so hotel, might consider other options next time.",Neutral
The software update arrived early and looked wonderful.,Positive
"It is a fair delivery, might consider other options next time.",Neutral
"I am really happy with this course, it was superb.",Positive
"I am really happy with this product, it was excellent.",Positive
"This is not a good monitor, the quality is annoying.",Negative
The movie arrived early and looked amazing.,Positive
"This service exceeded my expectations, smooth experience overall.",Positive
The delivery is okay for the price.,Neutral
The restaurant is annoying and I regret buying it.,Negative
"I regret choosing this customer support, it is terrible in every way.",Negative
"I did not enjoy the product at all, it felt not worth it.",Negative
I was pleasantly surprised by how smooth the packaging turned out to be.,Positive
"This software update did not meet my expectations, buggy experience overall.",Negative
The customer support works perfectly and feels reliable.,Positive
"I have mixed feelings about this coffee machine, it was ordinary.",Neutral
"The phone was ordinary, it does the job.",Neutral
The software is top notch and I love it.,Positive
"The hotel performed in an middle of the road way, no strong opinion either way.",Neutral
"This is not a good subscription, the quality is cheaply made.",Negative
The phone is disappointing and I regret buying it.,Negative
"This trip did not meet my expectations, a waste of money experience overall.",Negative
"The keyboard was so so, it does the job.",Neutral
"Absolutely brilliant software update, would buy again.",Positive
The movie works perfectly and feels impressive.,Positive
I was pleasantly surprised by how fantastic the mattress turned out to be.,Positive
I do not think this coffee machine is impressive at all.,Negative
The speaker barely works and feels uncomfortable.,Negative
The warranty is fine for the price.,Neutral
"One star for this packaging, it is annoying.",Negative
"It's a reasonable subscription, similar to others I have tried.",Neutral
"Completely not worth it mattress, would not recommend.",Negative
Bad mattress! Everything about it was annoying.,Negative
"I have mixed feelings about this keyboard, it was reasonable.",Neutral
"Five stars for this laptop, it is delightful.",Positive
"This flight did not meet my expectations, overpriced experience overall.",Negative
"I would not recommend this game, it was a waste of money.",Negative
"Five stars for this vacuum cleaner, it is well made.",Positive
"This speaker is decent, neither good nor bad.",Neutral
"I really enjoyed the vacuum cleaner, it felt superb.",Positive
The warranty works perfectly and feels user friendly.,Positive
"This shoes is acceptable, neither good nor bad.",Neutral
"This phone exceeded my expectations, smooth experience overall.",Positive
"The software update was so so, it does the job.",Neutral
"Highly recommend this chair, truly outstanding.",Positive
The book barely works and feels broken.,Negative
The trip arrived late and looked buggy.,Negative
"Absolutely amazing book, would buy again.",Positive
Shipping was quick and the item was packed with a lot of care.,Positive
"I am not happy with this delivery, it was second rate.",Negative
"I regret choosing this course, it is confusing in every way.",Negative
My experience with the subscription was so so.,Neutral
"I really enjoyed the website, it felt comfortable.",Positive
"Five stars for this trip, it is user friendly.",Positive
The course arrived late and looked unreliable.,Negative
I was disappointed by how cheaply made the speaker turned out to be.,Negative
My experience with the chair was reasonable.,Neutral
"I would not recommend this phone, it was second rate.",Negative
I was disappointed by how cheaply made the flight turned out to be.,Negative
"I have mixed feelings about this product, it was ordinary.",Neutral
"This chair did not meet my expectations, flimsy experience overall.",Negative
"I really enjoyed the shoes, it felt smooth.",Positive
"So glad I chose this delivery, it is worth every penny in every way.",Positive
"One star for this laptop, it is cheaply made.",Negative
I was pleasantly surprised by how brilliant the monitor turned out to be.,Positive
I was pleasantly surprised by how wonderful the trip turned out to be.,Positive
"One star for this customer support, it is buggy.",Negative
"This shoes did not meet my expectations, second rate experience overall.",Negative
"I have mixed feelings about this food, it was reasonable.",Neutral
I was disappointed by how uncomfortable the service turned out to be.,Negative
"I am not happy with this laptop, it was slow.",Negative
"So glad I chose this subscription, it is beyond my expectations in every way.",Positive
The headphones barely works and feels poor.,Negative
"I do not like this customer support, it is overpriced.",Negative
"This shoes exceeded my expectations, top notch experience overall.",Positive
"Shipping arrived on the estimated date, no surprises.",Neutral
I was disappointed by how unreliable the course turned out to be.,Negative
"I do not like this software, it is terrible.",Negative
I was pleasantly surprised by how top notch the watch turned out to be.,Positive
"I am not happy with this website, it was unreliable.",Negative
"I really enjoyed the food, it felt outstanding.",Positive
"The headphones performed in an okay way, no strong opinion either way.",Neutral
"Five stars for this shoes, it is brilliant.",Positive
"I do not like this app, it is annoying.",Negative
The trip works perfectly and feels smooth.,Positive
My experience with the hotel was standard.,Neutral
The packaging is impressive and I love it.,Positive
The customer support arrived early and looked fast.,Positive
The course is nothing special for the price.,Neutral
The build quality feels cheap for what I paid.,Negative
"The shoes is standard, I don't have strong feelings about it.",Neutral
The camera barely works and feels uncomfortable.,Negative
I was pleasantly surprised by how outstanding the restaurant turned out to be.,Positive
"I regret choosing this trip, it is awful in every way.",Negative
"I did not enjoy the course at all, it felt frustrating.",Negative
Bad chair! Everything about it was disappointing.,Negative
"So glad I chose this jacket, it is reliable in every way.",Positive
"The software update is not bad but not great, I don't have strong feelings about it.",Neutral
"The delivery was reasonable, it does the job.",Neutral
"Highly recommend this packaging, truly beyond my expectations.",Positive
"I regret choosing this delivery, it is poor in every way.",Negative
"I regret choosing this jacket, it is useless in every way.",Negative
"This movie exceeded my expectations, well made experience overall.",Positive
"I am not happy with this game, it was cheaply made.",Negative
The camera arrived late and looked cheaply made.,Negative
"I have mixed feelings about this delivery, it was nothing special.",Neutral
I was pleasantly surprised by how smooth the speaker turned out to be.,Positive
"I am not happy with this course, it was poor.",Negative
"I regret choosing this flight, it is flimsy in every way.",Negative
I was pleasantly surprised by how comfortable the phone turned out to be.,Positive
"I am not happy with this monitor, it was second rate.",Negative
"This is not a good service, the quality is underwhelming.",Negative
"The monitor was fair, it does the job.",Neutral
"This is not a good speaker, the quality is unreliable.",Negative
Great app! Everything about it was fantastic.,Positive
The service arrived late and looked second rate.,Negative
"I am not happy with this service, it was not worth it.",Negative
My experience with the flight was not bad but not great.,Neutral
"The restaurant is reasonable, I don't have strong feelings about it.",Neutral
"I really enjoyed the trip, it felt great.",Positive
The monitor is poor and I regret buying it.,Negative
I was disappointed by how awful the book turned out to be.,Negative
"This watch is not bad but not great, neither good nor bad.",Neutral
"The shoes performed in an okay way, no strong opinion either way.",Neutral
"I did not enjoy the keyboard at all, it felt disappointing.",Negative
The packaging is cheaply made and I regret buying it.,Negative
I was disappointed by how unreliable the warranty turned out to be.,Negative
"The flight was as expected, it does the job.",Neutral
"I did not enjoy the flight at all, it felt uncomfortable.",Negative
"It is hard to call this book great, honestly.",Negative
"Completely poor service, would not recommend.",Negative
"I do not like this keyboard, it is a waste of money.",Negative
"This delivery did not meet my expectations, flimsy experience overall.",Negative
"I did not enjoy the app at all, it felt unreliable.",Negative
"This software is fair, neither good nor bad.",Neutral
"This is not a good book, the quality is poor.",Negative
"This delivery exceeded my expectations, outstanding experience overall.",Positive
"Stopped working after just two days, total waste of money.",Negative
"The vacuum cleaner is decent, nothing more to say.",Neutral
Battery drains within a couple of hours even with light use.,Negative
"I would not recommend this product, it was terrible.",Negative
"It is a fair monitor, might consider other options next time.",Neutral
"I did not enjoy the customer support at all, it felt buggy.",Negative
"I am really happy with this camera, it was outstanding.",Positive
The subscription is confusing and I regret buying it.,Negative
"I really enjoyed the keyboard, it felt well made.",Positive
"I regret choosing this laptop, it is broken in every way.",Negative
"Absolutely worth every penny mattress, would buy again.",Positive
Bad speaker! Everything about it was second rate.,Negative
Bad shoes! Everything about it was unreliable.,Negative
"The speaker is as expected, I don't have strong feelings about it.",Neutral
"Absolutely amazing speaker, would buy again.",Positive
"This trip is fair, neither good nor bad.",Neutral
"My kids play with it sometimes, other toys get more attention.",Neutral
"Had one small issue in three months, got resolved.",Neutral
"This is not a good course, the quality is useless.",Negative
The keyboard works perfectly and feels brilliant.,Positive
"I have mixed feelings about this subscription, it was reasonable.",Neutral
"The website is standard, I don't have strong feelings about it.",Neutral
Great software update! Everything about it was delightful.,Positive
"The restaurant performed in an ordinary way, no strong opinion either way.",Neutral
"I am not happy with this keyboard, it was terrible.",Negative
Great hotel! Everything about it was top notch.,Positive
"It is a okay watch, might consider other options next time.",Neutral
The speaker is decent for the price.,Neutral
"It's a average jacket, similar to others I have tried.",Neutral
"I really enjoyed the monitor, it felt reliable.",Positive
"It's a acceptable book, similar to others I have tried.",Neutral
The service is wonderful and I love it.,Positive
The watch is average for the price.,Neutral
I was disappointed by how a waste of money the restaurant turned out to be.,Negative
"So glad I chose this laptop, it is top notch in every way.",Positive
"The chair is decent, nothing more to say.",Neutral
"Five stars for this service, it is excellent.",Positive
"I would not recommend this trip, it was useless.",Negative
Bad flight! Everything about it was uncomfortable.,Negative
"The trip is nothing special, nothing more to say.",Neutral
"This trip exceeded my expectations, amazing experience overall.",Positive
The mattress works perfectly and feels user friendly.,Positive
"The course is okay, I don't have strong feelings about it.",Neutral
Great mattress! Everything about it was top notch.,Positive
The packaging is fair for the price.,Neutral
"I do not like this laptop, it is buggy.",Negative
"I am not happy with this book, it was cheaply made.",Negative
The warranty is annoying and I regret buying it.,Negative
"I would not recommend this book, it was annoying.",Negative
"Completely a waste of money watch, would not recommend.",Negative
The trip is annoying and I regret buying it.,Negative
"I did not enjoy the vacuum cleaner at all, it felt useless.",Negative
The game is outstanding and I love it.,Positive
The vacuum cleaner arrived early and looked fantastic.,Positive
The book arrived late and looked annoying.,Negative
"I am really happy with this website, it was superb.",Positive
The hotel arrived late and looked uncomfortable.,Negative
The hotel is smooth and I love it.,Positive
"I am really happy with this movie, it was user friendly.",Positive
"One star for this course, it is broken.",Negative
The course is confusing and I regret buying it.,Negative
"I would not recommend this service, it was unreliable.",Negative
The game is frustrating and I regret buying it.,Negative
The customer support is not bad but not great for the price.,Neutral
"It's a as expected chair, similar to others I have tried.",Neutral
Bad camera! Everything about it was unreliable.,Negative
"I did not enjoy the camera at all, it felt cheaply made.",Negative
"The vacuum cleaner is fine, I don't have strong feelings about it.",Neutral
The build quality feels premium for the price point.,Positive
"I really enjoyed the phone, it felt wonderful.",Positive
My experience with the service was ordinary.,Neutral
"I am not happy with this watch, it was confusing.",Negative
The customer support is second rate and I regret buying it.,Negative
"Completely annoying laptop, would not recommend.",Negative
"So glad I chose this software update, it is solid in every way.",Positive
"I have mixed feelings about this book, it was standard.",Neutral
"Absolutely well made shoes, would buy again.",Positive
I was disappointed by how unreliable the mattress turned out to be.,Negative
"This camera is average, neither good nor bad.",Neutral
"I did not enjoy the trip at all, it felt frustrating.",Negative
Bad vacuum cleaner! Everything about it was overpriced.,Negative
The flight arrived early and looked reliable.,Positive
"This flight exceeded my expectations, outstanding experience overall.",Positive
The game works perfectly and feels smooth.,Positive
Great book! Everything about it was well made.,Positive
The app is confusing and I regret buying it.,Negative
The watch barely works and feels buggy.,Negative
"Five stars for this restaurant, it is wonderful.",Positive
"I am really happy with this shoes, it was comfortable.",Positive
"The camera was middle of the road, it does the job.",Neutral
"Highly recommend this phone, truly fast.",Positive
The subscription is smooth and I love it.,Positive
"I would not recommend this website, it was second rate.",Negative
"Completely disappointing flight, would not recommend.",Negative
"I would not recommend this restaurant, it was underwhelming.",Negative
Great software! Everything about it was superb.,Positive
"The course performed in an fine way, no strong opinion either way.",Neutral
"It's a average vacuum cleaner, similar to others I have tried.",Neutral
My experience with the restaurant was ordinary.,Neutral
Bad game! Everything about it was awful.,Negative
"The warranty performed in an middle of the road way, no strong opinion either way.",Neutral
"So glad I chose this chair, it is reliable in every way.",Positive
"I regret choosing this chair, it is awful in every way.",Negative
"Highly recommend this vacuum cleaner, truly top notch.",Positive
The monitor arrived early and looked impressive.,Positive
Bad course! Everything about it was confusing.,Negative
The phone arrived late and looked flimsy.,Negative
"Absolutely impressive phone, would buy again.",Positive
Setup took over an hour and the instructions made no sense.,Negative
"I really enjoyed the software, it felt brilliant.",Positive
"It is a okay chair, might consider other options next time.",Neutral
"This laptop exceeded my expectations, superb experience overall.",Positive
"This customer support did not meet my expectations, a waste of money experience overall.",Negative
The course is reliable and I love it.,Positive
"One star for this phone, it is uncomfortable.",Negative
"This restaurant is middle of the road, neither good nor bad.",Neutral
"This food is middle of the road, neither good nor bad.",Neutral
The warranty is great and I love it.,Positive
The movie arrived late and looked disappointing.,Negative
"It's a ordinary game, similar to others I have tried.",Neutral
I was disappointed by how overpriced the camera turned out to be.,Negative
"I have mixed feelings about this warranty, it was so so.",Neutral
"The phone performed in an middle of the road way, no strong opinion either way.",Neutral
"I would not recommend this camera, it was annoying.",Negative
Had three separate issues within the first month of use.,Negative
"The movie is acceptable, I don't have strong feelings about it.",Neutral
"It is a as expected game, might consider other options next time.",Neutral
"Highly recommend this book, truly solid.",Positive
The vacuum cleaner is fair for the price.,Neutral
"Absolutely excellent watch, would buy again.",Positive
The watch arrived early and looked outstanding.,Positive
"Absolutely outstanding restaurant, would buy again.",Positive
"I am not happy with this speaker, it was confusing.",Negative
"I do not like this vacuum cleaner, it is annoying.",Negative
Bad restaurant! Everything about it was annoying.,Negative
The chair is wonderful and I love it.,Positive
"I am really happy with this restaurant, it was well made.",Positive
"I did not enjoy the subscription at all, it felt annoying.",Negative
The software works perfectly and feels brilliant.,Positive
"I am really happy with this customer support, it was smooth.",Positive
The game is fair for the price.,Neutral
"The subscription is middle of the road, I don't have strong feelings about it.",Neutral
"I am really happy with this app, it was solid.",Positive
Great laptop! Everything about it was comfortable.,Positive
This shoes is not as amazing as the reviews suggested.,Negative
"One star for this subscription, it is cheaply made.",Negative
The subscription arrived late and looked awful.,Negative
The service is slow and I regret buying it.,Negative
"I really enjoyed the game, it felt reliable.",Positive
"The service performed in an fine way, no strong opinion either way.",Neutral
"I did not enjoy the warranty at all, it felt a waste of money.",Negative
The food arrived early and looked well made.,Positive
Great service! Everything about it was reliable.,Positive
The trip is reasonable for the price.,Neutral
"This is not a good delivery, the quality is uncomfortable.",Negative
The service works perfectly and feels superb.,Positive
"Highly recommend this shoes, truly user friendly.",Positive
The watch is cheaply made and I regret buying it.,Negative
The shoes arrived early and looked outstanding.,Positive
"I do not like this software update, it is poor.",Negative
"The book is so so, I don't have strong feelings about it.",Neutral
"Five stars for this flight, it is superb.",Positive
"Absolutely worth every penny website, would buy again.",Positive
"I would not recommend this app, it was unreliable.",Negative
The chair arrived late and looked confusing.,Negative
"The trip is as expected, I don't have strong feelings about it.",Neutral
"So glad I chose this mattress, it is smooth in every way.",Positive
The watch is fast and I love it.,Positive
"This coffee machine did not meet my expectations, broken experience overall.",Negative
"Highly recommend this laptop, truly impressive.",Positive
"The service was okay, it does the job.",Neutral
Great website! Everything about it was brilliant.,Positive
Bad book! Everything about it was overpriced.,Negative
The delivery arrived early and looked brilliant.,Positive
"I regret choosing this book, it is underwhelming in every way.",Negative
Great coffee machine! Everything about it was reliable.,Positive
"This movie is not bad but not great, neither good nor bad.",Neutral
"I have mixed feelings about this jacket, it was not bad but not great.",Neutral
"Five stars for this hotel, it is wonderful.",Positive
I was pleasantly surprised by how fantastic the laptop turned out to be.,Positive
"Battery lasts two full days now, huge improvement over the old one.",Positive
"Completely uncomfortable hotel, would not recommend.",Negative
"It's a ordinary coffee machine, similar to others I have tried.",Neutral
"The monitor performed in an standard way, no strong opinion either way.",Neutral
"The delivery performed in an not bad but not great way, no strong opinion either way.",Neutral
The headphones is user friendly and I love it.,Positive
The jacket is great and I love it.,Positive
"This camera did not meet my expectations, useless experience overall.",Negative
"I would not recommend this laptop, it was cheaply made.",Negative
The course arrived early and looked wonderful.,Positive
Great monitor! Everything about it was user friendly.,Positive
The speaker arrived late and looked disappointing.,Negative
"The warranty is as expected, nothing more to say.",Neutral
"This software exceeded my expectations, wonderful experience overall.",Positive
"So glad I chose this vacuum cleaner, it is outstanding in every way.",Positive
Great vacuum cleaner! Everything about it was reliable.,Positive
The service is middle of the road for the price.,Neutral
I was pleasantly surprised by how beyond my expectations the book turned out to be.,Positive
"One star for this product, it is second rate.",Negative
The staff was rude and did not seem to care about our concerns.,Negative
"Five stars for this headphones, it is well made.",Positive
"One star for this keyboard, it is confusing.",Negative
The hotel is ordinary for the price.,Neutral
The watch works perfectly and feels top notch.,Positive
"Highly recommend this software update, truly delightful.",Positive
"I would not recommend this hotel, it was a waste of money.",Negative
"So glad I chose this restaurant, it is great in every way.",Positive
The camera works perfectly and feels smooth.,Positive
My experience with the vacuum cleaner was decent.,Neutral
My experience with the movie was nothing special.,Neutral
The keyboard is user friendly and I love it.,Positive
The laptop works perfectly and feels brilliant.,Positive
The monitor works perfectly and feels outstanding.,Positive
"Absolutely excellent software, would buy again.",Positive
The product barely works and feels second rate.,Negative
"Completely disappointing camera, would not recommend.",Negative
"This flight is middle of the road, neither good nor bad.",Neutral
The warranty arrived late and looked useless.,Negative
"I would not recommend this jacket, it was confusing.",Negative
The hotel arrived early and looked fantastic.,Positive
"I am really happy with this laptop, it was user friendly.",Positive
"Absolutely user friendly course, would buy again.",Positive
"The website performed in an so so way, no strong opinion either way.",Neutral
The speaker is user friendly and I love it.,Positive
"This is not a good shoes, the quality is poor.",Negative
"I am not happy with this warranty, it was uncomfortable.",Negative
I was pleasantly surprised by how well made the customer support turned out to be.,Positive
I was disappointed by how a waste of money the vacuum cleaner turned out to be.,Negative
"It is a standard vacuum cleaner, might consider other options next time.",Neutral
Great packaging! Everything about it was reliable.,Positive
"This course is average, neither good nor bad.",Neutral
"I do not like this headphones, it is awful.",Negative
"The service is okay, I don't have strong feelings about it.",Neutral
"Five stars for this mattress, it is smooth.",Positive
I was pleasantly surprised by how great the subscription turned out to be.,Positive
Great customer support! Everything about it was reliable.,Positive
"This warranty did not meet my expectations, overpriced experience overall.",Negative
"This coffee machine exceeded my expectations, brilliant experience overall.",Positive
"So glad I chose this book, it is impressive in every way.",Positive
"I am not happy with this flight, it was broken.",Negative
"Five stars for this food, it is great.",Positive
"The subscription is ordinary, nothing more to say.",Neutral
The flight arrived late and looked a waste of money.,Negative
"This subscription is as expected, neither good nor bad.",Neutral
The delivery is excellent and I love it.,Positive
My experience with the monitor was fine.,Neutral
I was disappointed by how not worth it the movie turned out to be.,Negative
"This app is so so, neither good nor bad.",Neutral
The product works perfectly and feels top notch.,Positive
I was disappointed by how underwhelming the phone turned out to be.,Negative
"I am really happy with this game, it was brilliant.",Positive
I was pleasantly surprised by how excellent the hotel turned out to be.,Positive
I was pleasantly surprised by how user friendly the flight turned out to be.,Positive
The phone arrived early and looked delightful.,Positive
"I have mixed feelings about this movie, it was as expected.",Neutral
"I have mixed feelings about this flight, it was average.",Neutral
"The customer support is reasonable, I don't have strong feelings about it.",Neutral
"The flight is decent, nothing more to say.",Neutral
The restaurant is fine for the price.,Neutral
"Highly recommend this mattress, truly amazing.",Positive
"I regret choosing this coffee machine, it is flimsy in every way.",Negative
"This vacuum cleaner exceeded my expectations, outstanding experience overall.",Positive
Great headphones! Everything about it was top notch.,Positive
The vacuum cleaner is wonderful and I love it.,Positive
"This book is standard, neither good nor bad.",Neutral
I was pleasantly surprised by how solid the headphones turned out to be.,Positive
I was disappointed by how overpriced the customer support turned out to be.,Negative
Bad subscription! Everything about it was a waste of money.,Negative
"I really enjoyed the delivery, it felt fantastic.",Positive
The vacuum cleaner is poor and I regret buying it.,Negative
I was disappointed by how confusing the shoes turned out to be.,Negative
Great chair! Everything about it was delightful.,Positive
The keyboard arrived late and looked slow.,Negative
"I really enjoyed the jacket, it felt top notch.",Positive
The chair works perfectly and feels beyond my expectations.,Positive
Bad packaging! Everything about it was cheaply made.,Negative
"I regret choosing this service, it is not worth it in every way.",Negative
"This laptop is fair, neither good nor bad.",Neutral
"The vacuum cleaner was acceptable, it does the job.",Neutral
"It is a middle of the road movie, might consider other options next time.",Neutral
"It's a okay trip, similar to others I have tried.",Neutral
"This service is average, neither good nor bad.",Neutral
"I did not enjoy the watch at all, it felt terrible.",Negative
"The game is middle of the road, nothing more to say.",Neutral
"I am really happy with this subscription, it was excellent.",Positive
"It's a as expected movie, similar to others I have tried.",Neutral
"Completely awful speaker, would not recommend.",Negative
"The coffee machine performed in an fair way, no strong opinion either way.",Neutral
The shoes is decent for the price.,Neutral
"Completely second rate subscription, would not recommend.",Negative
"The coffee machine was nothing special, it does the job.",Neutral
The flight is as expected for the price.,Neutral
"The phone is not bad but not great, nothing more to say.",Neutral
"Absolutely reliable movie, would buy again.",Positive
"It's a not bad but not great headphones, similar to others I have tried.",Neutral
"The website was fair, it does the job.",Neutral
Great movie! Everything about it was worth every penny.,Positive
"So glad I chose this course, it is great in every way.",Positive
The product is terrible and I regret buying it.,Negative
"It's a average speaker, similar to others I have tried.",Neutral
"So glad I chose this speaker, it is brilliant in every way.",Positive
I was disappointed by how broken the game turned out to be.,Negative
The packaging barely works and feels underwhelming.,Negative
"Five stars for this course, it is reliable.",Positive
"I regret choosing this phone, it is unreliable in every way.",Negative
The packaging works perfectly and feels delightful.,Positive
Bad phone! Everything about it was awful.,Negative
"Completely annoying jacket, would not recommend.",Negative
The camera is fine for the price.,Neutral
"It is a not bad but not great packaging, might consider other options next time.",Neutral
Shipping took forever and the box arrived crushed.,Negative
"I really enjoyed the warranty, it felt user friendly.",Positive
"The speaker performed in an not bad but not great way, no strong opinion either way.",Neutral
"So glad I chose this trip, it is beyond my expectations in every way.",Positive
"I have mixed feelings about this camera, it was fine.",Neutral
"This keyboard did not meet my expectations, flimsy experience overall.",Negative
"I would not recommend this warranty, it was annoying.",Negative
"This camera exceeded my expectations, superb experience overall.",Positive
The mattress is decent for the price.,Neutral
My experience with the app was standard.,Neutral
The software update is impressive and I love it.,Positive
"I have mixed feelings about this game, it was nothing special.",Neutral
"I am not happy with this restaurant, it was not worth it.",Negative
"The laptop performed in an reasonable way, no strong opinion either way.",Neutral
"Absolutely amazing jacket, would buy again.",Positive
"I really enjoyed the software update, it felt superb.",Positive
"I am not happy with this shoes, it was broken.",Negative
"The flight performed in an acceptable way, no strong opinion either way.",Neutral
"I have mixed feelings about this watch, it was as expected.",Neutral
"Completely frustrating headphones, would not recommend.",Negative
The flight is disappointing and I regret buying it.,Negative
The subscription works perfectly and feels user friendly.,Positive
Bad app! Everything about it was second rate.,Negative
I was disappointed by how poor the jacket turned out to be.,Negative
The app arrived early and looked top notch.,Positive
"It is a so so service, might consider other options next time.",Neutral
"Highly recommend this app, truly top notch.",Positive
"This headphones is standard, neither good nor bad.",Neutral
"The monitor is reasonable, I don't have strong feelings about it.",Neutral
"I do not like this movie, it is awful.",Negative
The subscription arrived early and looked superb.,Positive
"I would not recommend this customer support, it was underwhelming.",Negative
Never had a single issue after three months of daily use.,Positive
The jacket arrived early and looked solid.,Positive
"The game was nothing special, it does the job.",Neutral
"Completely underwhelming app, would not recommend.",Negative
"I regret choosing this shoes, it is underwhelming in every way.",Negative
"I do not like this website, it is awful.",Negative
"The chair was average, it does the job.",Neutral
The speaker arrived early and looked fast.,Positive
The shoes barely works and feels useless.,Negative
"The camera is nothing special, I don't have strong feelings about it.",Neutral
"I do not like this chair, it is slow.",Negative
"I did not enjoy the jacket at all, it felt slow.",Negative
I was pleasantly surprised by how well made the camera turned out to be.,Positive
"I would not recommend this delivery, it was cheaply made.",Negative
Great warranty! Everything about it was brilliant.,Positive
Bad jacket! Everything about it was disappointing.,Negative
"I have mixed feelings about this mattress, it was okay.",Neutral
"I regret choosing this warranty, it is poor in every way.",Negative
"I have mixed feelings about this restaurant, it was ordinary.",Neutral
"Highly recommend this coffee machine, truly reliable.",Positive
Honestly did not expect much but this blew me away.,Positive
Bad watch! Everything about it was buggy.,Negative
"I regret choosing this packaging, it is flimsy in every way.",Negative
"Highly recommend this food, truly impressive.",Positive
"The headphones is nothing special, nothing more to say.",Neutral
"This movie did not meet my expectations, disappointing experience overall.",Negative
"So glad I chose this watch, it is worth every penny in every way.",Positive
"One star for this service, it is slow.",Negative
"Highly recommend this service, truly well made.",Positive
"Customer support solved my issue in five minutes, could not ask for more.",Positive
My experience with the keyboard was not bad but not great.,Neutral
"It is hard to call this food well made, honestly.",Negative
"Five stars for this jacket, it is excellent.",Positive
"It is a fine website, might consider other options next time.",Neutral
I was pleasantly surprised by how excellent the keyboard turned out to be.,Positive
"I am really happy with this warranty, it was outstanding.",Positive
"I have mixed feelings about this phone, it was acceptable.",Neutral
"Absolutely outstanding monitor, would buy again.",Positive
Great game! Everything about it was outstanding.,Positive
"I regret choosing this vacuum cleaner, it is cheaply made in every way.",Negative
"I did not enjoy the laptop at all, it felt confusing.",Negative
This speaker is not as wonderful as the reviews suggested.,Negative
"I regret choosing this mattress, it is underwhelming in every way.",Negative
"This is not a good chair, the quality is cheaply made.",Negative
The delivery works perfectly and feels fantastic.,Positive
The vacuum cleaner works perfectly and feels excellent.,Positive
"One star for this software update, it is poor.",Negative
"I would not recommend this chair, it was underwhelming.",Negative
"This keyboard exceeded my expectations, amazing experience overall.",Positive
The headphones arrived late and looked a waste of money.,Negative
"I did not enjoy the delivery at all, it felt flimsy.",Negative
"The vacuum cleaner performed in an middle of the road way, no strong opinion either way.",Neutral
"It's a fair shoes, similar to others I have tried.",Neutral
The food works perfectly and feels top notch.,Positive
"The laptop is not bad but not great, I don't have strong feelings about it.",Neutral
"This packaging exceeded my expectations, superb experience overall.",Positive
My experience with the book was so so.,Neutral
My experience with the product was decent.,Neutral
"This watch did not meet my expectations, useless experience overall.",Negative
The software barely works and feels flimsy.,Negative
"I am not happy with this software update, it was overpriced.",Negative
"It is a ordinary product, might consider other options next time.",Neutral
Bad food! Everything about it was second rate.,Negative
"I did not enjoy the phone at all, it felt buggy.",Negative
"Five stars for this delivery, it is outstanding.",Positive
"The book performed in an average way, no strong opinion either way.",Neutral
"Five stars for this customer support, it is smooth.",Positive
"One star for this warranty, it is buggy.",Negative
"Completely cheaply made food, would not recommend.",Negative
I was pleasantly surprised by how reliable the movie turned out to be.,Positive
"I have mixed feelings about this packaging, it was nothing special.",Neutral
Great product! Everything about it was great.,Positive
"Completely broken movie, would not recommend.",Negative
"I do not like this watch, it is second rate.",Negative
"Five stars for this software, it is wonderful.",Positive
The camera arrived early and looked brilliant.,Positive
"The hotel was not bad but not great, it does the job.",Neutral
The trip barely works and feels confusing.,Negative
My experience with the headphones was middle of the road.,Neutral
"I do not like this hotel, it is uncomfortable.",Negative
"I really enjoyed the flight, it felt fantastic.",Positive
Great food! Everything about it was impressive.,Positive
"It is a fair software, might consider other options next time.",Neutral
"The watch is middle of the road, I don't have strong feelings about it.",Neutral
The laptop is acceptable for the price.,Neutral
The phone works perfectly and feels wonderful.,Positive
"Absolutely superb camera, would buy again.",Positive
The app works perfectly and feels great.,Positive
Setup took less than ten minutes and it just works.,Positive
"It's a not bad but not great delivery, similar to others I have tried.",Neutral
"The course was okay, it does the job.",Neutral
"This is not a good packaging, the quality is buggy.",Negative
"I regret choosing this website, it is terrible in every way.",Negative
"I did not enjoy the headphones at all, it felt useless.",Negative
"Completely flimsy software update, would not recommend.",Negative
"The coffee machine is nothing special, I don't have strong feelings about it.",Neutral
My experience with the software update was so so.,Neutral
"I regret choosing this app, it is not worth it in every way.",Negative
The software update arrived late and looked overpriced.,Negative
"This software did not meet my expectations, underwhelming experience overall.",Negative
The chair arrived early and looked user friendly.,Positive
I was pleasantly surprised by how fast the chair turned out to be.,Positive
The camera is poor and I regret buying it.,Negative
"Absolutely well made subscription, would buy again.",Positive
The phone is middle of the road for the price.,Neutral
My experience with the packaging was okay.,Neutral
The shoes works perfectly and feels brilliant.,Positive
"It is a so so keyboard, might consider other options next time.",Neutral
The app arrived late and looked annoying.,Negative
"One star for this shoes, it is flimsy.",Negative
"The movie was average, it does the job.",Neutral
"Completely flimsy warranty, would not recommend.",Negative
"It is a so so shoes, might consider other options next time.",Neutral
"The coffee machine is middle of the road, nothing more to say.",Neutral
"This subscription exceeded my expectations, worth every penny experience overall.",Positive
"This chair is decent, neither good nor bad.",Neutral
"This website exceeded my expectations, impressive experience overall.",Positive
"This is not a good food, the quality is a waste of money.",Negative
I was disappointed by how broken the coffee machine turned out to be.,Negative
The software is uncomfortable and I regret buying it.,Negative
The app barely works and feels overpriced.,Negative
"One star for this delivery, it is unreliable.",Negative
The mattress is smooth and I love it.,Positive
"So glad I chose this game, it is great in every way.",Positive
"I really enjoyed the laptop, it felt comfortable.",Positive
I was disappointed by how disappointing the laptop turned out to be.,Negative
"It's a okay food, similar to others I have tried.",Neutral
The delivery arrived late and looked poor.,Negative
I was pleasantly surprised by how reliable the shoes turned out to be.,Positive
"Highly recommend this game, truly brilliant.",Positive
"Completely cheaply made monitor, would not recommend.",Negative
"One star for this headphones, it is slow.",Negative
"One star for this camera, it is cheaply made.",Negative
"I regret choosing this watch, it is underwhelming in every way.",Negative
"The trip performed in an standard way, no strong opinion either way.",Neutral
"This phone did not meet my expectations, poor experience overall.",Negative
"This monitor is fine, neither good nor bad.",Neutral
The software arrived early and looked delightful.,Positive
Great delivery! Everything about it was amazing.,Positive
"I really enjoyed the subscription, it felt wonderful.",Positive
"I do not like this subscription, it is annoying.",Negative
"Five stars for this warranty, it is top notch.",Positive
My experience with the customer support was so so.,Neutral
"It's a standard software update, similar to others I have tried.",Neutral
The chair is nothing special for the price.,Neutral
"I am really happy with this food, it was fast.",Positive
"I would not recommend this coffee machine, it was buggy.",Negative
"I am really happy with this packaging, it was beyond my expectations.",Positive
"The product was middle of the road, it does the job.",Neutral
"I did not enjoy the website at all, it felt a waste of money.",Negative
"I really enjoyed the app, it felt worth every penny.",Positive
"The staff was polite, service was average overall.",Neutral
"This is not a good trip, the quality is second rate.",Negative
"One star for this website, it is useless.",Negative
"It is a ordinary camera, might consider other options next time.",Neutral
The movie is brilliant and I love it.,Positive
The service arrived early and looked brilliant.,Positive
"I regret choosing this monitor, it is flimsy in every way.",Negative
The delivery barely works and feels useless.,Negative
"Five stars for this speaker, it is smooth.",Positive
"The restaurant was acceptable, it does the job.",Neutral
"Completely confusing keyboard, would not recommend.",Negative
The customer support arrived late and looked second rate.,Negative
The book is broken and I regret buying it.,Negative
"I would not recommend this packaging, it was useless.",Negative
The mattress barely works and feels disappointing.,Negative
The coffee machine works perfectly and feels solid.,Positive
"This software update is standard, neither good nor bad.",Neutral
"I do not like this coffee machine, it is buggy.",Negative
"I would not recommend this food, it was poor.",Negative
